Year,ISCO,Occupation,Unemployed jobseekers
2009,OC1,Managers,2662.167
2009,OC2,Professionals,29535.833
2009,OC3,Technicians and associate professionals,23554.667
2009,OC4,Clerical support workers,16973.250
2009,OC5,Service and sales workers,36051.833
2009,OC7,Craft and related trades workers,59738.083
2009,OC8,Plant and machine operators and assemblers,25316.333
2009,OC9,Elementary occupations,25933.333
2010,OC1,Managers,2751.000
2010,OC2,Professionals,30947.167
2010,OC3,Technicians and associate professionals,24074.417
2010,OC4,Clerical support workers,17013.833
2010,OC5,Service and sales workers,37280.417
2010,OC7,Craft and related trades workers,57581.250
2010,OC8,Plant and machine operators and assemblers,23846.083
2010,OC9,Elementary occupations,25344.417
2011,OC1,Managers,2556.167
2011,OC2,Professionals,28588.500
2011,OC3,Technicians and associate professionals,22017.417
2011,OC4,Clerical support workers,15899.333
2011,OC5,Service and sales workers,35898.250
2011,OC7,Craft and related trades workers,49830.333
2011,OC8,Plant and machine operators and assemblers,21378.167
2011,OC9,Elementary occupations,23597.083
2012,OC1,Managers,2719.083
2012,OC2,Professionals,30611.167
2012,OC3,Technicians and associate professionals,22675.667
2012,OC4,Clerical support workers,16067.500
2012,OC5,Service and sales workers,37177.583
2012,OC7,Craft and related trades workers,51479.083
2012,OC8,Plant and machine operators and assemblers,22271.250
2012,OC9,Elementary occupations,23900.167
2013,OC1,Managers,3148.583
2013,OC2,Professionals,37459.000
2013,OC3,Technicians and associate professionals,27055.833
2013,OC4,Clerical support workers,18028.667
2013,OC5,Service and sales workers,44189.667
2013,OC7,Craft and related trades workers,60622.583
2013,OC8,Plant and machine operators and assemblers,25055.500
2013,OC9,Elementary occupations,26300.167
2014,OC1,Managers,3556.000
2014,OC2,Professionals,43042.500
2014,OC3,Technicians and associate professionals,30864.417
2014,OC4,Clerical support workers,19438.250
2014,OC5,Service and sales workers,51211.167
2014,OC7,Craft and related trades workers,66376.833
2014,OC8,Plant and machine operators and assemblers,27041.000
2014,OC9,Elementary occupations,27929.500
2015,OC1,Managers,4094.083
2015,OC2,Professionals,47441.250
2015,OC3,Technicians and associate professionals,33978.333
2015,OC4,Clerical support workers,21009.750
2015,OC5,Service and sales workers,57883.417
2015,OC7,Craft and related trades workers,69789.583
2015,OC8,Plant and machine operators and assemblers,28427.833
2015,OC9,Elementary occupations,29093.750
2016,OC1,Managers,4100.917
2016,OC2,Professionals,48214.750
2016,OC3,Technicians and associate professionals,34122.500
2016,OC4,Clerical support workers,20878.250
2016,OC5,Service and sales workers,60210.583
2016,OC7,Craft and related trades workers,65775.917
2016,OC8,Plant and machine operators and assemblers,26895.417
2016,OC9,Elementary occupations,28162.167
2017,OC1,Managers,3558.167
2017,OC2,Professionals,41931.750
2017,OC3,Technicians and associate professionals,29793.417
2017,OC4,Clerical support workers,18596.333
2017,OC5,Service and sales workers,54701.167
2017,OC7,Craft and related trades workers,53018.583
2017,OC8,Plant and machine operators and assemblers,22157.417
2017,OC9,Elementary occupations,24524.167
2018,OC1,Managers,3160.917
2018,OC2,Professionals,34541.500
2018,OC3,Technicians and associate professionals,24840.583
2018,OC4,Clerical support workers,15465.750
2018,OC5,Service and sales workers,46396.833
2018,OC7,Craft and related trades workers,43399.000
2018,OC8,Plant and machine operators and assemblers,17848.667
2018,OC9,Elementary occupations,20834.250
2019,OC1,Managers,3123.000
2019,OC2,Professionals,31395.167
2019,OC3,Technicians and associate professionals,22399.417
2019,OC4,Clerical support workers,13811.167
2019,OC5,Service and sales workers,41629.000
2019,OC7,Craft and related trades workers,40808.250
2019,OC8,Plant and machine operators and assemblers,16870.083
2019,OC9,Elementary occupations,18953.583
2020,OC1,Managers,4560.167
2020,OC2,Professionals,41281.167
2020,OC3,Technicians and associate professionals,31577.500
2020,OC4,Clerical support workers,18524.750
2020,OC5,Service and sales workers,65892.000
2020,OC7,Craft and related trades workers,53305.917
2020,OC8,Plant and machine operators and assemblers,25129.167
2020,OC9,Elementary occupations,25334.583
2021,OC1,Managers,4082.583
2021,OC2,Professionals,35505.000
2021,OC3,Technicians and associate professionals,26544.167
2021,OC4,Clerical support workers,16707.917
2021,OC5,Service and sales workers,55971.917
2021,OC7,Craft and related trades workers,47814.833
2021,OC8,Plant and machine operators and assemblers,21588.583
2021,OC9,Elementary occupations,24115.333
2022,OC1,Managers,3409.083
2022,OC2,Professionals,30584.917
2022,OC3,Technicians and associate professionals,21867.417
2022,OC4,Clerical support workers,13257.000
2022,OC5,Service and sales workers,43913.750
2022,OC7,Craft and related trades workers,39650.833
2022,OC8,Plant and machine operators and assemblers,18164.167
2022,OC9,Elementary occupations,20196.083
2023,OC1,Managers,3546.667
2023,OC2,Professionals,32191.833
2023,OC3,Technicians and associate professionals,22226.583
2023,OC4,Clerical support workers,12844.500
2023,OC5,Service and sales workers,43177.917
2023,OC7,Craft and related trades workers,43681.250
2023,OC8,Plant and machine operators and assemblers,19572.250
2023,OC9,Elementary occupations,20553.583
2024,OC1,Managers,4253.250
2024,OC2,Professionals,37401.083
2024,OC3,Technicians and associate professionals,24669.083
2024,OC4,Clerical support workers,13700.583
2024,OC5,Service and sales workers,47167.333
2024,OC7,Craft and related trades workers,49226.917
2024,OC8,Plant and machine operators and assemblers,21033.333
2024,OC9,Elementary occupations,22117.917
2025,OC1,Managers,7243.167
2025,OC2,Professionals,48134.750
2025,OC3,Technicians and associate professionals,27647.500
2025,OC4,Clerical support workers,15008.917
2025,OC5,Service and sales workers,56097.750
2025,OC7,Craft and related trades workers,52355.083
2025,OC8,Plant and machine operators and assemblers,22617.833
2025,OC9,Elementary occupations,25291.250
